Vuex Module,Vuex Action,v3 Pinia Store,v3 Pinia Action,Status,Evidence,Notes
user,fetchMsg,user,fetchMsg,✅,store.line114-127,"No suffix"
user,login,user,loginAction,🟡,store.line47-51,"Suffix added (loginAction)"
user,logout,user,logoutAction,🟡,store.line88-100,"Suffix added (logoutAction)"
user,faceLogin,user,faceLoginAction,🟡,store.line39-45,"Suffix added (faceLoginAction)"
user,mobileLogin,user,mobileLoginAction,🟡,store.line53-57,"Suffix added (mobileLoginAction)"
user,reg,user,regAction,🟡,store.line59-62,"Suffix added (regAction)"
user,sync,user,sync,✅,store.line34-37,"No suffix"
knowledge,explainFunction,knowledge,explainFunction,✅,store.explains,"Same name"
knowledge,getSimilarKnowledge,knowledge,getSimilarKnowledge,✅,store.getSimilarKnowledge,"Same name"
app,closeSideBar,app,closeSideBar,✅,store.closeSideBar,"Same name"
app,setExamMode,app,setExamMode,✅,store.setExamMode,"Same name"
settings,changeSetting,settings,changeSetting,✅,store.line44-59,"Just added on 2026-8-26"
settings,getBanners,settings,getBanners,✅,store.line70-87,"Same name"
settings,getSite,settings,getSite,✅,store.line61-69,"Same name"
tagsView,addView,tagsView,addCachedView,🟠,store.addCachedView,"Renamed (addView→addCachedView)"
tagsView,addVisitedView,tagsView,addVisitedView,✅,store.addVisitedView,"Same name"
tagsView,delAllViews,tagsView,delAllViews,✅,store.delAllViews,"Same name"
tagsView,delView,tagsView,delCachedView,🟠,store.delCachedView,"Renamed (delView→delCachedView)"
tagsView,delOthers,tagsView,delOthersView,🟠,store.delOthersView,"Renamed (delOthers→delOthersView)"
tagsView,delLefts,tagsView,delLeftViews,🟠,store.delLeftViews,"Renamed (delLefts→delLeftViews)"
tagsView,delRighths,tagsView,delRightViews,🟠,store.delRightViews,"Renamed (delRighths→delRightViews)"
permission,setRoutes,permission,setRoutes,✅,store.setRoutes,"Same name (v3 新增)"
ai,callback,ai,callback,✅,store.callback,"Same name (v3 新增)"
